Year,DJF,JFM,FMA,MAM,AMJ,MJJ,JJA,JAS,ASO,SON,OND,NDJ,MEAN
1950,-1.2,-1.1,-1,-1,-1,-0.7,-0.4,-0.3,-0.3,-0.4,-0.4,-0.5,-0.691666667
1951,-0.3,0.1,0.5,0.6,0.6,0.7,0.8,1,1,1,0.9,0.7,0.633333333
1952,0.7,0.3,0.5,0.2,0,-0.4,-0.4,-0.1,0.1,0,-0.1,0.1,0.075
1953,0.4,0.7,0.7,0.7,0.9,0.8,0.7,0.7,0.7,0.8,0.6,0.7,0.7
1954,0.6,0.6,0.3,0,-0.2,-0.2,-0.4,-0.6,-0.5,-0.3,-0.1,-0.2,-0.083333333
1955,-0.1,-0.1,-0.1,-0.4,-0.4,-0.5,-0.4,-0.7,-0.9,-1.3,-1.4,-1.3,-0.633333333
1956,-0.8,-0.4,-0.1,-0.1,0,0,-0.1,-0.2,-0.1,-0.1,-0.1,-0.2,-0.183333333
1957,0,0.2,0.5,0.8,0.9,0.9,1,1.1,1.1,1.2,1.5,1.8,0.916666667
1958,1.9,1.8,1.3,1,0.7,0.6,0.5,0.3,0.2,0.2,0.4,0.6,0.791666667
1959,0.8,0.8,0.6,0.5,0.3,0.1,-0.1,-0.2,-0.1,0,0.2,0.2,0.258333333
1960,0.2,0.2,0.2,0.3,0.2,0.1,0.1,0.2,0.3,0.1,-0.1,-0.1,0.141666667
1961,0,0.1,0,0.1,0.2,0.3,0.2,-0.1,-0.2,-0.2,-0.1,0,0.025
1962,0,0,0,-0.2,-0.2,-0.1,0,-0.1,-0.1,-0.3,-0.3,-0.4,-0.141666667
1963,-0.3,-0.1,0,0.1,0,0.4,0.7,1.1,1.1,1.1,1.1,1.1,0.525
1964,1,0.6,0.1,-0.4,-0.7,-0.7,-0.6,-0.5,-0.5,-0.6,-0.6,-0.5,-0.283333333
1965,-0.2,0.1,0.2,0.4,0.6,1,1.3,1.5,1.8,1.9,2,1.8,1.033333333
1966,1.5,1.3,1,0.6,0.3,0.2,0.3,0.2,0,0,-0.1,-0.2,0.425
1967,-0.3,-0.2,-0.3,-0.3,-0.1,0.2,0.2,0,-0.1,-0.1,0,0,-0.083333333
1968,-0.2,-0.4,-0.3,-0.3,0.1,0.3,0.6,0.5,0.4,0.6,0.7,1,0.25
1969,1.1,1,0.7,0.4,0.4,0.3,0.3,0.3,0.6,0.7,0.8,0.7,0.608333333
1970,0.5,0.2,0.2,0.2,0.1,-0.2,-0.5,-0.6,-0.5,-0.6,-0.5,-0.8,-0.208333333
1971,-0.9,-1,-0.8,-0.6,-0.5,-0.4,-0.3,-0.2,-0.3,-0.4,-0.4,-0.4,-0.516666667
1972,-0.2,0,0.3,0.5,0.7,0.9,1.1,1.4,1.6,1.8,2,1.9,1
1973,1.7,1.3,0.6,-0.2,-0.7,-1,-1.1,-1.2,-1.3,-1.6,-1.9,-1.9,-0.608333333
1974,-1.6,-1.3,-1,-0.8,-0.6,-0.5,-0.3,-0.2,-0.2,-0.4,-0.6,-0.3,-0.65
1975,-0.1,-0.1,-0.3,-0.4,-0.6,-0.7,-0.9,-0.9,-1,-0.9,-1,-1.1,-0.666666667
1976,-1,-0.6,-0.3,-0.1,0,0.3,0.5,0.7,0.9,1,1.1,1.1,0.3
1977,1,0.9,0.5,0.3,0.3,0.5,0.5,0.5,0.6,0.9,1.1,1.1,0.683333333
1978,1,0.7,0.3,-0.1,-0.3,-0.2,-0.3,-0.3,-0.3,-0.1,0.2,0.3,0.075
1979,0.3,0.3,0.3,0.2,0.1,0,0,0.3,0.4,0.5,0.5,0.6,0.291666667
1980,0.7,0.5,0.3,0.1,0.3,0.3,0.1,-0.1,-0.2,-0.1,0.1,0.1,0.175
1981,0,-0.2,-0.3,-0.2,-0.3,-0.3,-0.2,-0.2,0,-0.2,-0.2,-0.1,-0.183333333
1982,0.1,0.2,0.2,0.5,0.7,0.8,0.9,1.1,1.6,2,2.2,2.4,1.058333333
1983,2.4,2.2,1.7,1.3,0.9,0.5,0,-0.2,-0.6,-0.9,-1.1,-1,0.433333333
1984,-0.6,-0.5,-0.5,-0.6,-0.6,-0.5,-0.3,-0.2,-0.3,-0.6,-0.9,-0.9,-0.541666667
1985,-0.8,-0.7,-0.7,-0.8,-0.8,-0.5,-0.3,-0.2,-0.2,-0.2,-0.1,-0.2,-0.458333333
1986,-0.3,-0.3,-0.2,-0.1,-0.1,0,0.3,0.6,0.8,1,1.2,1.4,0.358333333
1987,1.5,1.4,1.1,0.9,0.8,0.9,1.1,1.3,1.3,1.2,1,0.8,1.108333333
1988,0.5,0.1,-0.4,-0.9,-1.5,-1.7,-1.6,-1.4,-1.4,-1.7,-1.9,-1.9,-1.15
1989,-1.6,-1.4,-1.1,-0.9,-0.6,-0.4,-0.4,-0.4,-0.3,-0.2,-0.1,0.1,-0.608333333
1990,0.3,0.3,0.3,0.3,0.2,0.2,0.2,0.3,0.3,0.3,0.3,0.4,0.283333333
1991,0.6,0.5,0.4,0.4,0.6,0.7,0.9,0.8,1,1.2,1.7,2,0.9
1992,2.1,2.1,1.9,1.8,1.4,0.9,0.5,0.3,0.1,0.1,0.1,0.4,0.975
1993,0.6,0.7,0.9,1.1,1,0.8,0.5,0.5,0.5,0.5,0.4,0.4,0.658333333
1994,0.3,0.2,0.2,0.3,0.4,0.4,0.5,0.6,0.8,1,1.2,1.3,0.6
1995,1.2,0.9,0.6,0.2,-0.1,-0.2,-0.4,-0.6,-0.8,-0.9,-1,-1,-0.175
1996,-0.9,-0.7,-0.6,-0.4,-0.2,-0.2,-0.2,-0.2,-0.2,-0.2,-0.3,-0.3,-0.366666667
1997,-0.2,0,0.2,0.5,0.8,1.2,1.5,1.8,2.1,2.2,2.3,2.3,1.225
1998,2.1,1.8,1.2,0.8,0.1,-0.5,-1,-1.1,-1.2,-1.3,-1.5,-1.6,-0.183333333
1999,-1.6,-1.3,-1,-0.9,-0.8,-0.8,-0.8,-0.9,-0.9,-1.1,-1.3,-1.6,-1.083333333
2000,-1.5,-1.3,-1.1,-0.9,-0.7,-0.5,-0.3,-0.3,-0.4,-0.5,-0.8,-0.8,-0.758333333
2001,-0.8,-0.6,-0.5,-0.4,-0.3,-0.1,0,0,0,-0.2,-0.3,-0.3,-0.291666667
2002,-0.2,0,0,0.1,0.2,0.4,0.6,0.8,1,1.2,1.3,1.1,0.541666667
2003,0.9,0.5,0.2,-0.2,-0.3,-0.2,0,0.1,0.2,0.2,0.3,0.2,0.158333333
2004,0.2,0.1,0.1,0.1,0.2,0.4,0.5,0.7,0.7,0.7,0.7,0.7,0.425
2005,0.5,0.4,0.3,0.3,0.2,0.1,-0.1,-0.1,0,-0.2,-0.5,-0.8,0.008333333
2006,-0.9,-0.9,-0.7,-0.5,-0.2,0,0.1,0.4,0.6,0.7,0.9,0.9,0.033333333
2007,0.6,0.2,-0.1,-0.3,-0.4,-0.4,-0.5,-0.8,-1,-1.3,-1.5,-1.6,-0.591666667
2008,-1.7,-1.6,-1.4,-1,-0.8,-0.5,-0.2,-0.2,-0.3,-0.4,-0.6,-0.9,-0.8
2009,-1,-0.9,-0.7,-0.4,0,0.2,0.4,0.4,0.5,0.9,1.3,1.5,0.183333333
2010,1.4,1.1,0.7,0.1,-0.5,-1,-1.2,-1.4,-1.5,-1.6,-1.6,-1.5,-0.583333333
2011,-1.4,-1.2,-1,-0.8,-0.5,-0.3,-0.3,-0.4,-0.7,-0.9,-1,-1,-0.791666667
2012,-0.8,-0.6,-0.5,-0.4,-0.3,0,0.3,0.4,0.4,0.2,0,-0.3,-0.133333333
2013,-0.5,-0.6,-0.5,-0.4,-0.5,-0.5,-0.5,-0.4,-0.4,-0.2,-0.2,-0.3,-0.416666667
2014,-0.4,-0.4,-0.1,0.1,0.2,0,-0.1,-0.1,0.1,0.4,0.5,0.6,0.066666667
2015,0.5,0.5,0.6,0.7,0.9,1,1.3,1.5,1.8,2,2.2,2.3,1.275
2016,2.1,1.8,1.3,0.7,0.1,-0.4,-0.7,-0.8,-0.9,-1,-1,-0.9,0.025
2017,-0.6,-0.4,-0.2,-0.1,0,0,-0.2,-0.5,-0.6,-0.8,-1,-1.1,-0.458333333
2018,-1.1,-1,-0.9,-0.7,-0.3,0,0.1,0.2,0.4,0.6,0.8,0.8,-0.091666667
2019,0.7,0.6,0.6,0.5,0.4,0.2,0,-0.1,0,0.2,0.3,0.2,0.3
2020,0.1,0.1,0,-0.3,-0.5,-0.7,-0.8,-0.8,-1.2,-1.4,-1.5,-1.4,-0.7
2021,-1.3,-1.2,-1.1,-0.9,-0.7,-0.6,-0.6,-0.8,-0.9,-1.1,-1.2,-1.2,-0.966666667
2022,-1.2,-1.1,-1.2,-1.3,-1.2,-0.9,-0.9,-0.9,-1.1,-1.1,-1.1,-1,-1.083333333
2023,-0.9,-0.7,-0.5,-0.3,0,0.3,0.5,0.8,1,1.3,1.4,1.4,0.358333333
2024,1.1,0.8,0.4,0,-0.3,-0.4,-0.5,-0.6,-0.7,-0.8,-0.9,-1,-0.241666667
2025,-1.1,-0.8,-0.7,-0.5,-0.5,-0.4,-0.4,-0.6,-0.8,-0.9,-1,-1,-0.725
2026,-0.9,-0.8,-0.4,0,0.5,1,,,,,,,-0.1
